1779096488511,positive
images_1777557930792,invalid
images_1777558008222,negative
images_1777558944234,negative
images_1777558972830,negative
images_1777559152625,positive
images_1777559172963,positive
images_1777559770414,positive
images_1777559834237,positive
images_1777559925355,negative
images_1777560242378,negative
images_1777560667259,invalid
images_1777561831012,positive
test_auto_1777485647147,positive
test_auto_1777485751267,positive
test_auto_1777510753963,positive
test_auto_1777510874255,positive
test_auto_1777511151040,negative
test_auto_1777511909212,negative
test_auto_1777511997590,negative
test_auto_1777512117052,positive
test_auto_1777512243539,positive
test_auto_1777512278090,invalid
test_auto_1777512302421,negative
test_auto_1777512314849,positive
test_auto_1777512357707,positive
test_auto_1777512421759,negative
test_auto_1777512442248,negative
test_auto_1777512471786,invalid
test_bad_IMG_5536,invalid
test_bad_IMG_5543,invalid
test_neg1_1646601844037,negative
test_neg1_1646601844098,invalid
test_neg1_1646601844113,negative
test_neg1_1646601844180,negative
test_neg_IMG_4561,negative
test_neg_IMG_4596,negative
test_neg_IMG_4631,negative
test_neg_IMG_4729,negative
test_neg_IMG_4733,negative
test_neg_IMG_4734,negative
test_neg_IMG_4738,negative
test_neg_IMG_4744,negative
test_neg_IMG_4870,negative
test_neg_IMG_5191,negative
test_neg_IMG_5194,negative
test_neg_IMG_5207-1,negative
test_neg_IMG_5211-1,negative
test_neg_IMG_5254,negative
test_neg_IMG_5385,negative
test_neg_IMG_5526,negative
test_neg_IMG_5533,negative
test_neg_IMG_5555,negative
test_neg_IMG_5614,negative
test_neg_IMG_5622,negative
test_neg_IMG_5627,negative
test_neg_IMG_5628,negative
test_neg_IMG_5634,negative
test_neg_IMG_5645,negative
test_out_download (4),negative
test_out_images (14),negative
test_out_images (17),invalid
test_out_images (23),negative
test_pos1_1646476113995,positive
test_pos1_1646476114019,positive
test_pos1_1646476114183,positive
test_pos1_1646478897614,positive
test_pos1_1646478897648,positive
test_pos1_1646478897668,positive
test_pos1_1646478897750,positive
test_pos1_1646478897851,positive
test_pos1_1646478897880,positive
test_pos1_1649325343923,positive
test_pos1_1649325344000,positive
test_pos1_1649325344139,positive
test_pos1_1649325344609,positive
test_pos1_1649330010492,positive
test_pos1_1649330010561,positive
test_pos1_1649330010802,positive
test_pos1_1650183369983,positive
test_pos1_1650183370182,positive
test_pos1_1650183370445,positive
test_pos1_1650183370475,positive
test_pos1_1650183370725,positive
test_pos1_1650183370774,positive
test_pos1_1650442222045,positive
test_pos1_1650442223318,positive
test_pos1_59P,positive
test_pos1_81P,positive
test_pos1_84P,positive
test_pos1_87P,positive
test_pos1_92P,positive
test_pos1_99P,positive
test_pos_IMG_4587,positive
test_pos_IMG_4612,positive
test_pos_IMG_5155-1,positive
test_pos_IMG_5156,positive
test_pos_IMG_5160-1,positive
test_pos_IMG_5162-1,positive
test_pos_IMG_5173,positive
test_pos_IMG_5176-1,positive
test_pos_IMG_5177,positive
test_pos_IMG_5556,positive
test_pos_IMG_5573,positive
test_pos_IMG_5579,positive
test_pos_IMG_5588,positive
test_pos_IMG_5592,positive
test_ss_1777476289030,positive
test_ss_1777476721886,positive
test_ss_1777476742808,invalid
train_1777557930792,invalid
train_1777558008222,negative
train_1777558944234,negative
train_1777558972830,negative
train_1777559152625,positive
train_1777559172963,positive
train_1777559770414,positive
train_1777559834237,positive
train_1777559925355,negative
train_1777560242378,negative
train_1777560667259,invalid
train_1777561831012,positive
train_auto_1777485246320,negative
train_auto_1777485267565,positive
train_auto_1777485282253,negative
train_auto_1777485297404,positive
train_auto_1777485314120,positive
train_auto_1777485325869,invalid
train_auto_1777485376510,positive
train_auto_1777485401069,negative
train_auto_1777485452749,invalid
train_auto_1777485460714,positive
train_auto_1777485467173,positive
train_auto_1777485496237,positive
train_auto_1777485536915,positive
train_auto_1777485549934,positive
train_auto_1777485572381,negative
train_auto_1777485625958,positive
train_auto_1777485657622,positive
train_auto_1777485763488,invalid
train_auto_1777485792229,positive
train_auto_1777485799515,positive
train_auto_1777510629846,positive
train_auto_1777510647719,positive
train_auto_1777510673095,positive
train_auto_1777510694865,positive
train_auto_1777510731090,negative
train_auto_1777510771045,positive
train_auto_1777510814204,negative
train_auto_1777510829964,positive
train_auto_1777510842366,negative
train_auto_1777510897416,positive
train_auto_1777510932215,invalid
train_auto_1777510941111,invalid
train_auto_1777510961679,invalid
train_auto_1777510980088,invalid
train_auto_1777510999509,invalid
train_auto_1777511022701,positive
train_auto_1777511041279,invalid
train_auto_1777511055469,invalid
train_auto_1777511077693,invalid
train_auto_1777511107944,positive
train_auto_1777511133286,negative
train_auto_1777511164272,negative
train_auto_1777511191072,positive
train_auto_1777511213479,invalid
train_auto_1777511233504,positive
train_auto_1777511258399,positive
train_auto_1777511280871,positive
train_auto_1777511294929,negative
train_auto_1777511307331,negative
train_auto_1777511347378,negative
train_auto_1777511356072,invalid
train_auto_1777511369479,invalid
train_auto_1777511387513,positive
train_auto_1777511417312,positive
train_auto_1777511423536,negative
train_auto_1777511463333,invalid
train_auto_1777511477440,invalid
train_auto_1777511669624,positive
train_auto_1777511730929,negative
train_auto_1777511742481,positive
train_auto_1777511767347,positive
train_auto_1777511870874,positive
train_auto_1777511886388,negative
train_auto_1777511923785,positive
train_auto_1777511937468,positive
train_auto_1777511948005,positive
train_auto_1777511958275,positive
train_auto_1777511973157,positive
train_auto_1777511987550,invalid
train_auto_1777512019573,invalid
train_auto_1777512049359,negative
train_auto_1777512069602,negative
train_auto_1777512085005,positive
train_auto_1777512102647,negative
train_auto_1777512131455,positive
train_auto_1777512143971,positive
train_auto_1777512168878,invalid
train_auto_1777512183034,positive
train_auto_1777512213701,invalid
train_auto_1777512250209,negative
train_auto_1777512256298,invalid
train_auto_1777512265416,negative
train_auto_1777512285723,negative
train_auto_1777512287764,negative
train_auto_1777512332528,positive
train_auto_1777512348008,negative
train_auto_1777512377038,positive
train_auto_1777512413506,positive
train_auto_1777512459797,invalid
train_auto_1777512495374,negative
train_auto_1777512505361,positive
train_auto_1777512534165,positive
train_auto_1777512555316,positive
train_bad_IMG_5380,invalid
train_bad_IMG_5541,invalid
train_bad_IMG_5554,invalid
train_neg1_1646599778299,negative
train_neg1_1646600323435,negative
train_neg1_1646601843777,negative
train_neg1_1646601843802,negative
train_neg1_1646601843873,negative
train_neg1_1646601843893,negative
train_neg1_1646601843912,negative
train_neg1_1646601843934,negative
train_neg1_1646601843954,negative
train_neg1_1646601843972,negative
train_neg1_1646601843989,negative
train_neg1_1646601844006,negative
train_neg1_1646601844022,invalid
train_neg1_1646601844147,negative
train_neg1_1646601844163,negative
train_neg1_1646601844194,negative
train_neg1_1646601844209,negative
train_neg1_1646601844239,negative
train_neg_IMG_4527,negative
train_neg_IMG_4536,negative
train_neg_IMG_4541,negative
train_neg_IMG_4545,negative
train_neg_IMG_4547,negative
train_neg_IMG_4548,negative
train_neg_IMG_4553,negative
train_neg_IMG_4555,negative
train_neg_IMG_4556,negative
train_neg_IMG_4560,negative
train_neg_IMG_4564,negative
train_neg_IMG_4594,negative
train_neg_IMG_4595,negative
train_neg_IMG_4597,negative
train_neg_IMG_4599,negative
train_neg_IMG_4601,negative
train_neg_IMG_4603,negative
train_neg_IMG_4619,negative
train_neg_IMG_4632,negative
train_neg_IMG_4633,negative
train_neg_IMG_4637,negative
train_neg_IMG_4638,negative
train_neg_IMG_4639,negative
train_neg_IMG_4640,negative
train_neg_IMG_4641,negative
train_neg_IMG_4655,negative
train_neg_IMG_4656,negative
train_neg_IMG_4657,negative
train_neg_IMG_4668,negative
train_neg_IMG_4681,negative
train_neg_IMG_4682,negative
train_neg_IMG_4684,negative
train_neg_IMG_4685,negative
train_neg_IMG_4686,negative
train_neg_IMG_4688,negative
train_neg_IMG_4689,negative
train_neg_IMG_4690,negative
train_neg_IMG_4692,negative
train_neg_IMG_4693,negative
train_neg_IMG_4711,negative
train_neg_IMG_4726,negative
train_neg_IMG_4731,negative
train_neg_IMG_4736,negative
train_neg_IMG_4737,negative
train_neg_IMG_4743,negative
train_neg_IMG_4745,negative
train_neg_IMG_4746,negative
train_neg_IMG_4869,negative
train_neg_IMG_4905,negative
train_neg_IMG_5139,negative
train_neg_IMG_5140,negative
train_neg_IMG_5147,negative
train_neg_IMG_5148,negative
train_neg_IMG_5189,negative
train_neg_IMG_5189-1,negative
train_neg_IMG_5190,negative
train_neg_IMG_5190-1,negative
train_neg_IMG_5191-1,negative
train_neg_IMG_5192,negative
train_neg_IMG_5192-1,negative
train_neg_IMG_5193,negative
train_neg_IMG_5193-1,negative
train_neg_IMG_5194-1,negative
train_neg_IMG_5196,negative
train_neg_IMG_5197,negative
train_neg_IMG_5197-1,negative
train_neg_IMG_5198,negative
train_neg_IMG_5198-1,negative
train_neg_IMG_5199,negative
train_neg_IMG_5199-1,negative
train_neg_IMG_5200,negative
train_neg_IMG_5200-1,negative
train_neg_IMG_5201,negative
train_neg_IMG_5201-1,negative
train_neg_IMG_5202,negative
train_neg_IMG_5202-1,negative
train_neg_IMG_5203,negative
train_neg_IMG_5204,negative
train_neg_IMG_5204-1,negative
train_neg_IMG_5205,negative
train_neg_IMG_5205-1,negative
train_neg_IMG_5206,negative
train_neg_IMG_5206-1,negative
train_neg_IMG_5207,negative
train_neg_IMG_5208,negative
train_neg_IMG_5208-1,negative
train_neg_IMG_5209,negative
train_neg_IMG_5209-1,negative
train_neg_IMG_5210,negative
train_neg_IMG_5210-1,negative
train_neg_IMG_5212,negative
train_neg_IMG_5212-1,negative
train_neg_IMG_5213,negative
train_neg_IMG_5213-1,negative
train_neg_IMG_5214-1,negative
train_neg_IMG_5215,negative
train_neg_IMG_5215-1,negative
train_neg_IMG_5216-1,negative
train_neg_IMG_5217,negative
train_neg_IMG_5217-1,negative
train_neg_IMG_5218,negative
train_neg_IMG_5218-1,negative
train_neg_IMG_5219,negative
train_neg_IMG_5219-1,negative
train_neg_IMG_5220,negative
train_neg_IMG_5220-1,negative
train_neg_IMG_5221,negative
train_neg_IMG_5221-1,negative
train_neg_IMG_5222,negative
train_neg_IMG_5222-1,negative
train_neg_IMG_5223,negative
train_neg_IMG_5223-1,negative
train_neg_IMG_5224,negative
train_neg_IMG_5224-1,negative
train_neg_IMG_5225-1,negative
train_neg_IMG_5226,negative
train_neg_IMG_5226-1,negative
train_neg_IMG_5227,negative
train_neg_IMG_5227-1,negative
train_neg_IMG_5228,negative
train_neg_IMG_5228-1,negative
train_neg_IMG_5229,negative
train_neg_IMG_5229-1,negative
train_neg_IMG_5230,negative
train_neg_IMG_5231,negative
train_neg_IMG_5231-1,negative
train_neg_IMG_5234,negative
train_neg_IMG_5238,negative
train_neg_IMG_5255,negative
train_neg_IMG_5346,negative
train_neg_IMG_5347,negative
train_neg_IMG_5348,negative
train_neg_IMG_5353,negative
train_neg_IMG_5354,negative
train_neg_IMG_5356,negative
train_neg_IMG_5358,negative
train_neg_IMG_5373,negative
train_neg_IMG_5374,negative
train_neg_IMG_5375,negative
train_neg_IMG_5376,negative
train_neg_IMG_5377,negative
train_neg_IMG_5381,negative
train_neg_IMG_5382,negative
train_neg_IMG_5383,negative
train_neg_IMG_5388,negative
train_neg_IMG_5389,negative
train_neg_IMG_5390,negative
train_neg_IMG_5391,negative
train_neg_IMG_5421,negative
train_neg_IMG_5422,negative
train_neg_IMG_5423,negative
train_neg_IMG_5424,negative
train_neg_IMG_5430,negative
train_neg_IMG_5437,negative
train_neg_IMG_5438,negative
train_neg_IMG_5444,negative
train_neg_IMG_5445,negative
train_neg_IMG_5446,negative
train_neg_IMG_5447,negative
train_neg_IMG_5516,negative
train_neg_IMG_5517,negative
train_neg_IMG_5518,negative
train_neg_IMG_5519,negative
train_neg_IMG_5522,negative
train_neg_IMG_5523,negative
train_neg_IMG_5524,negative
train_neg_IMG_5525,negative
train_neg_IMG_5527,negative
train_neg_IMG_5528,negative
train_neg_IMG_5530,negative
train_neg_IMG_5532,negative
train_neg_IMG_5534,negative
train_neg_IMG_5535,negative
train_neg_IMG_5537,negative
train_neg_IMG_5538,negative
train_neg_IMG_5539,negative
train_neg_IMG_5540,negative
train_neg_IMG_5542,negative
train_neg_IMG_5577,negative
train_neg_IMG_5583,negative
train_neg_IMG_5594,negative
train_neg_IMG_5595,negative
train_neg_IMG_5596,negative
train_neg_IMG_5597,negative
train_neg_IMG_5598,negative
train_neg_IMG_5599,negative
train_neg_IMG_5600,negative
train_neg_IMG_5601,negative
train_neg_IMG_5602,negative
train_neg_IMG_5603,negative
train_neg_IMG_5604,negative
train_neg_IMG_5605,negative
train_neg_IMG_5606,negative
train_neg_IMG_5607,negative
train_neg_IMG_5608,negative
train_neg_IMG_5609,negative
train_neg_IMG_5610,negative
train_neg_IMG_5611,negative
train_neg_IMG_5613,negative
train_neg_IMG_5615,negative
train_neg_IMG_5616,negative
train_neg_IMG_5617,negative
train_neg_IMG_5618,negative
train_neg_IMG_5619,negative
train_neg_IMG_5620,negative
train_neg_IMG_5621,negative
train_neg_IMG_5623,negative
train_neg_IMG_5624,negative
train_neg_IMG_5625,negative
train_neg_IMG_5626,negative
train_neg_IMG_5629,negative
train_neg_IMG_5631,negative
train_neg_IMG_5632,negative
train_neg_IMG_5633,negative
train_neg_IMG_5635,negative
train_neg_IMG_5636,negative
train_neg_IMG_5637,negative
train_neg_IMG_5638,negative
train_neg_IMG_5639,negative
train_neg_IMG_5640,negative
train_neg_IMG_5641,negative
train_neg_IMG_5642,negative
train_neg_IMG_5643,negative
train_neg_IMG_5644,negative
train_neg_IMG_5646,negative
train_out_Covid19_Corona_Test_Header.jpg,negative
train_out_download (1),negative
train_out_download (2),negative
train_out_download (3),invalid
train_out_download (5),invalid
train_out_download (6),negative
train_out_images (1),positive
train_out_images (10),positive
train_out_images (11),positive
train_out_images (12),positive
train_out_images (13),positive
train_out_images (15),invalid
train_out_images (18),positive
train_out_images (2),invalid
train_out_images (20),negative
train_out_images (21),negative
train_out_images (22),negative
train_out_images (24),positive
train_out_images (25),positive
train_out_images (26),positive
train_out_images (27),positive
train_out_images (3),negative
train_out_images (4),positive
train_out_images (5),positive
train_out_images (7),positive
train_out_images (8),negative
train_pos1_100P,positive
train_pos1_1646476113867,positive
train_pos1_1646476113873,positive
train_pos1_1646476113881,positive
train_pos1_1646476113889,positive
train_pos1_1646476113899,positive
train_pos1_1646476113925,positive
train_pos1_1646476113935,positive
train_pos1_1646476113946,positive
train_pos1_1646476113957,positive
train_pos1_1646476113971,positive
train_pos1_1646476113983,positive
train_pos1_1646476114006,positive
train_pos1_1646476114031,invalid
train_pos1_1646476114040,positive
train_pos1_1646476114052,positive
train_pos1_1646476114064,positive
train_pos1_1646476114072,positive
train_pos1_1646476114081,invalid
train_pos1_1646476114090,positive
train_pos1_1646476114103,positive
train_pos1_1646476114114,positive
train_pos1_1646476114123,positive
train_pos1_1646476114136,positive
train_pos1_1646476114160,positive
train_pos1_1646476114172,positive
train_pos1_1646476114195,positive
train_pos1_1646476114204,positive
train_pos1_1646476114217,positive
train_pos1_1646476114231,positive
train_pos1_1646478897584,positive
train_pos1_1646478897593,positive
train_pos1_1646478897603,positive
train_pos1_1646478897630,positive
train_pos1_1646478897639,positive
train_pos1_1646478897659,positive
train_pos1_1646478897678,positive
train_pos1_1646478897708,positive
train_pos1_1646478897719,positive
train_pos1_1646478897731,positive
train_pos1_1646478897740,positive
train_pos1_1646478897760,positive
train_pos1_1646478897803,positive
train_pos1_1646478897813,positive
train_pos1_1646478897827,positive
train_pos1_1646478897839,positive
train_pos1_1646478897861,positive
train_pos1_1646478897871,positive
train_pos1_1646478897890,positive
train_pos1_1646478897900,positive
train_pos1_1646650816085,positive
train_pos1_1649325343692,positive
train_pos1_1649325343713,positive
train_pos1_1649325343738,positive
train_pos1_1649325343763,positive
train_pos1_1649325343812,positive
train_pos1_1649325343836,positive
train_pos1_1649325343856,positive
train_pos1_1649325343872,positive
train_pos1_1649325343890,positive
train_pos1_1649325343941,positive
train_pos1_1649325343963,positive
train_pos1_1649325343981,positive
train_pos1_1649325344045,positive
train_pos1_1649325344069,positive
train_pos1_1649325344090,positive
train_pos1_1649325344115,positive
train_pos1_1649325344165,positive
train_pos1_1649325344189,positive
train_pos1_1649325344208,positive
train_pos1_1649325344226,positive
train_pos1_1649325344249,positive
train_pos1_1649325344271,positive
train_pos1_1649325344291,positive
train_pos1_1649325344310,positive
train_pos1_1649325344332,positive
train_pos1_1649325344356,positive
train_pos1_1649325344382,positive
train_pos1_1649325344410,positive
train_pos1_1649325344460,positive
train_pos1_1649325344482,positive
train_pos1_1649325344500,invalid
train_pos1_1649325344517,positive
train_pos1_1649325344538,positive
train_pos1_1649325344559,positive
train_pos1_1649325344586,positive
train_pos1_1649325344630,positive
train_pos1_1649325344674,positive
train_pos1_1649325344698,positive
train_pos1_1649325344722,positive
train_pos1_1649325344748,positive
train_pos1_1649330009815,positive
train_pos1_1649330009848,positive
train_pos1_1649330009880,positive
train_pos1_1649330009917,positive
train_pos1_1649330009955,positive
train_pos1_1649330009985,positive
train_pos1_1649330010017,positive
train_pos1_1649330010092,positive
train_pos1_1649330010130,positive
train_pos1_1649330010156,positive
train_pos1_1649330010186,positive
train_pos1_1649330010215,positive
train_pos1_1649330010244,positive
train_pos1_1649330010270,positive
train_pos1_1649330010299,positive
train_pos1_1649330010334,positive
train_pos1_1649330010372,positive
train_pos1_1649330010411,positive
train_pos1_1649330010454,positive
train_pos1_1649330010528,positive
train_pos1_1649330010593,positive
train_pos1_1649330010655,positive
train_pos1_1649330010692,positive
train_pos1_1649330010734,positive
train_pos1_1649330010771,positive
train_pos1_1649330010835,positive
train_pos1_1649330010868,positive
train_pos1_1649330010904,positive
train_pos1_1649330010934,positive
train_pos1_1649330010976,positive
train_pos1_1649330011016,invalid
train_pos1_1649330011063,positive
train_pos1_1649330011118,positive
train_pos1_1649330011164,invalid
train_pos1_1649330011214,positive
train_pos1_1649330011268,positive
train_pos1_1649330011317,positive
train_pos1_1649330011364,positive
train_pos1_1649330011404,positive
train_pos1_1649330011438,invalid
train_pos1_1649330011471,positive
train_pos1_1649330011509,positive
train_pos1_1649330011551,positive
train_pos1_1649330011601,invalid
train_pos1_1649330011652,positive
train_pos1_1650183370012,positive
train_pos1_1650183370040,positive
train_pos1_1650183370074,positive
train_pos1_1650183370221,positive
train_pos1_1650183370249,positive
train_pos1_1650183370279,positive
train_pos1_1650183370314,positive
train_pos1_1650183370383,positive
train_pos1_1650183370415,positive
train_pos1_1650183370513,positive
train_pos1_1650183370555,positive
train_pos1_1650183370634,positive
train_pos1_1650183370682,positive
train_pos1_1650183370817,positive
train_pos1_1650183370859,positive
train_pos1_1650183370976,positive
train_pos1_1650183371064,positive
train_pos1_1650183371104,positive
train_pos1_1650183371134,positive
train_pos1_1650183371174,positive
train_pos1_1650183371220,positive
train_pos1_1650183371267,positive
train_pos1_1650183371308,positive
train_pos1_1650183371350,positive
train_pos1_1650442222017,positive
train_pos1_1650442222074,positive
train_pos1_1650442222118,positive
train_pos1_1650442222144,positive
train_pos1_1650442222162,positive
train_pos1_1650442222179,positive
train_pos1_1650442222199,positive
train_pos1_1650442222220,positive
train_pos1_1650442222245,positive
train_pos1_1650442222270,positive
train_pos1_1650442222295,positive
train_pos1_1650442222316,positive
train_pos1_1650442222338,positive
train_pos1_1650442222358,positive
train_pos1_1650442222375,positive
train_pos1_1650442222410,positive
train_pos1_1650442222429,positive
train_pos1_1650442222448,positive
train_pos1_1650442222468,positive
train_pos1_1650442222490,positive
train_pos1_1650442222512,positive
train_pos1_1650442222532,positive
train_pos1_1650442222553,positive
train_pos1_1650442222577,positive
train_pos1_1650442222622,positive
train_pos1_1650442222652,positive
train_pos1_1650442222691,positive
train_pos1_1650442222737,positive
train_pos1_1650442222779,positive
train_pos1_1650442222810,positive
train_pos1_1650442222847,positive
train_pos1_1650442222887,positive
train_pos1_1650442222933,positive
train_pos1_1650442222977,positive
train_pos1_1650442223021,positive
train_pos1_1650442223062,positive
train_pos1_1650442223196,positive
train_pos1_1650442223231,positive
train_pos1_1650442223359,positive
train_pos1_1650442223408,positive
train_pos1_1650442223453,positive
train_pos1_1650442223503,positive
train_pos1_1650442223549,positive
train_pos1_51P,positive
train_pos1_52P,invalid
train_pos1_53P,positive
train_pos1_54P,positive
train_pos1_55P,positive
train_pos1_56P,positive
train_pos1_57P,positive
train_pos1_58P,positive
train_pos1_60P,positive
train_pos1_61P,positive
train_pos1_62P,positive
train_pos1_64P,positive
train_pos1_65P,positive
train_pos1_66P,positive
train_pos1_67P,positive
train_pos1_68P,positive
train_pos1_69P,positive
train_pos1_70P,invalid
train_pos1_71P,positive
train_pos1_72P,positive
train_pos1_73P,positive
train_pos1_74P,positive
train_pos1_75P,positive
train_pos1_76P,positive
train_pos1_77P,positive
train_pos1_78P,positive
train_pos1_79P,positive
train_pos1_80P,positive
train_pos1_82P,positive
train_pos1_83P,positive
train_pos1_86P,positive
train_pos1_88P,positive
train_pos1_91P,positive
train_pos1_93P,positive
train_pos1_94P,positive
train_pos1_95P,positive
train_pos1_96P,positive
train_pos1_98P,positive
train_pos_IMG_4552,positive
train_pos_IMG_4559,positive
train_pos_IMG_4565,positive
train_pos_IMG_4568,positive
train_pos_IMG_4572,positive
train_pos_IMG_4574,positive
train_pos_IMG_4576,positive
train_pos_IMG_4581,positive
train_pos_IMG_4583,positive
train_pos_IMG_4585,positive
train_pos_IMG_4591,positive
train_pos_IMG_4604,positive
train_pos_IMG_4605,positive
train_pos_IMG_4606,positive
train_pos_IMG_4608,positive
train_pos_IMG_4609,positive
train_pos_IMG_4610,positive
train_pos_IMG_4611,positive
train_pos_IMG_4614,positive
train_pos_IMG_4615,positive
train_pos_IMG_4616,positive
train_pos_IMG_4617,positive
train_pos_IMG_4618,positive
train_pos_IMG_4620,positive
train_pos_IMG_4622,positive
train_pos_IMG_4623,positive
train_pos_IMG_4624,positive
train_pos_IMG_4626,positive
train_pos_IMG_4627,positive
train_pos_IMG_4629,positive
train_pos_IMG_4635,positive
train_pos_IMG_4691,positive
train_pos_IMG_4732,positive
train_pos_IMG_5150,positive
train_pos_IMG_5150-1,positive
train_pos_IMG_5151,positive
train_pos_IMG_5152,positive
train_pos_IMG_5152-1,positive
train_pos_IMG_5153,positive
train_pos_IMG_5153-1,positive
train_pos_IMG_5154,positive
train_pos_IMG_5154-1,positive
train_pos_IMG_5155,positive
train_pos_IMG_5156-1,positive
train_pos_IMG_5157,positive
train_pos_IMG_5157-1,positive
train_pos_IMG_5158,positive
train_pos_IMG_5158-1,positive
train_pos_IMG_5159,positive
train_pos_IMG_5159-1,positive
train_pos_IMG_5160,positive
train_pos_IMG_5161-1,positive
train_pos_IMG_5162,positive
train_pos_IMG_5163,positive
train_pos_IMG_5163-1,positive
train_pos_IMG_5164,positive
train_pos_IMG_5164-1,positive
train_pos_IMG_5165,positive
train_pos_IMG_5165-1,positive
train_pos_IMG_5166,positive
train_pos_IMG_5166-1,positive
train_pos_IMG_5167,positive
train_pos_IMG_5167-1,positive
train_pos_IMG_5168,positive
train_pos_IMG_5168-1,positive
train_pos_IMG_5169,positive
train_pos_IMG_5169-1,positive
train_pos_IMG_5170,positive
train_pos_IMG_5170-1,positive
train_pos_IMG_5171,negative
train_pos_IMG_5171-1,negative
train_pos_IMG_5172,positive
train_pos_IMG_5172-1,positive
train_pos_IMG_5173-1,positive
train_pos_IMG_5174,positive
train_pos_IMG_5174-1,positive
train_pos_IMG_5175,positive
train_pos_IMG_5175-1,positive
train_pos_IMG_5176,positive
train_pos_IMG_5177-1,positive
train_pos_IMG_5178,positive
train_pos_IMG_5178-1,positive
train_pos_IMG_5179,negative
train_pos_IMG_5179-1,negative
train_pos_IMG_5180,positive
train_pos_IMG_5180-1,positive
train_pos_IMG_5181,positive
train_pos_IMG_5183,positive
train_pos_IMG_5183-1,positive
train_pos_IMG_5184,positive
train_pos_IMG_5184-1,positive
train_pos_IMG_5185-1,positive
train_pos_IMG_5186,positive
train_pos_IMG_5186-1,positive
train_pos_IMG_5359,positive
train_pos_IMG_5558,positive
train_pos_IMG_5559,positive
train_pos_IMG_5564,positive
train_pos_IMG_5565,positive
train_pos_IMG_5566,positive
train_pos_IMG_5568,positive
train_pos_IMG_5569,positive
train_pos_IMG_5570,positive
train_pos_IMG_5571,positive
train_pos_IMG_5572,positive
train_pos_IMG_5575,positive
train_pos_IMG_5576,positive
train_pos_IMG_5578,positive
train_pos_IMG_5580,positive
train_pos_IMG_5581,positive
train_pos_IMG_5584,positive
train_pos_IMG_5585,positive
train_pos_IMG_5589,positive
train_pos_IMG_5590,positive
train_pos_IMG_5593,positive
train_ss_1777476240162,positive
train_ss_1777476241193,positive
train_ss_1777476244088,positive
train_ss_1777476245568,positive
train_ss_1777476290067,positive
train_ss_1777476292260,positive
train_ss_1777476330123,invalid
train_ss_1777476363780,positive
train_ss_1777476392084,positive
train_ss_1777476467475,positive
train_ss_1777476479382,positive
train_ss_1777476503883,positive
train_ss_1777476529293,positive
train_ss_1777476642971,negative
train_ss_1777476652614,positive
train_ss_1777476667358,positive
train_ss_1777476709023,positive
train_ss_1777476710025,positive
train_ss_1777476759023,invalid
train_ss_1777476773502,negative
train_ss_1777476789647,positive
train_ss_1777476804765,positive
train_ss_1777476817146,negative
train_ss_1777476830382,negative
train_ss_1777476845801,negative
train_ss_1777476847244,negative
train_ss_1777476860559,positive
train_ss_1777476894327,invalid
train_ss_1777476908353,negative
train_ss_1777476923994,negative
val_auto_1777485432986,positive
val_auto_1777485487736,negative
val_auto_1777485632687,invalid
val_auto_1777510778685,positive
val_auto_1777510853368,invalid
val_auto_1777511445251,positive
val_auto_1777511662353,invalid
val_auto_1777511689262,positive
val_auto_1777511900290,negative
val_auto_1777512009613,negative
val_auto_1777512153655,invalid
val_auto_1777512194696,negative
val_auto_1777512203798,invalid
val_auto_1777512224136,invalid
val_auto_1777512286745,invalid
val_auto_1777512431165,negative
val_auto_1777512545884,positive
val_neg1_1646601843826,negative
val_neg1_1646601843851,negative
val_neg1_1646601844081,negative
val_neg_IMG_4538,negative
val_neg_IMG_4546,negative
val_neg_IMG_4554,negative
val_neg_IMG_4598,negative
val_neg_IMG_4600,negative
val_neg_IMG_4602,negative
val_neg_IMG_4730,negative
val_neg_IMG_4735,negative
val_neg_IMG_5196-1,negative
val_neg_IMG_5203-1,negative
val_neg_IMG_5211,negative
val_neg_IMG_5214,negative
val_neg_IMG_5216,negative
val_neg_IMG_5225,negative
val_neg_IMG_5230-1,negative
val_neg_IMG_5233,negative
val_neg_IMG_5384,negative
val_neg_IMG_5440,negative
val_neg_IMG_5529,negative
val_neg_IMG_5531,negative
val_neg_IMG_5612,negative
val_neg_IMG_5630,negative
val_out_download (7),invalid
val_out_images (16),positive
val_out_images (19),positive
val_out_images (6),positive
val_out_images (9),positive
val_pos1_1646476113914,positive
val_pos1_1646476114148,positive
val_pos1_1646478897694,positive
val_pos1_1646478897774,positive
val_pos1_1646478897789,positive
val_pos1_1649325343789,positive
val_pos1_1649325343906,positive
val_pos1_1649325344021,positive
val_pos1_1649325344436,positive
val_pos1_1649325344649,positive
val_pos1_1649330009775,positive
val_pos1_1649330010054,positive
val_pos1_1649330010627,positive
val_pos1_1650183370126,positive
val_pos1_1650183370349,positive
val_pos1_1650183370590,positive
val_pos1_1650183370902,positive
val_pos1_1650183370937,positive
val_pos1_1650183371019,positive
val_pos1_1650442222393,positive
val_pos1_1650442222598,positive
val_pos1_1650442223102,positive
val_pos1_1650442223150,positive
val_pos1_1650442223271,positive
val_pos1_63P,positive
val_pos1_85P,invalid
val_pos1_89P,positive
val_pos1_90P,positive
val_pos1_97P,positive
val_pos_IMG_4557,positive
val_pos_IMG_4566,positive
val_pos_IMG_4570,positive
val_pos_IMG_4589,positive
val_pos_IMG_4621,positive
val_pos_IMG_4710,positive
val_pos_IMG_5151-1,positive
val_pos_IMG_5161,positive
val_pos_IMG_5181-1,positive
val_pos_IMG_5185,positive
val_pos_IMG_5560,positive
val_pos_IMG_5561,positive
val_pos_IMG_5562,positive
val_pos_IMG_5563,positive
val_pos_IMG_5567,positive
val_pos_IMG_5574,positive
val_pos_IMG_5582,positive
val_pos_IMG_5587,positive
val_pos_IMG_5591,positive
val_ss_1777476242649,positive
val_ss_1777476291145,positive
val_ss_1777476416613,positive
with_poi_tpos_IMG_0254,negative
with_poi_tpos_IMG_0255,positive
with_poi_tpos_IMG_0256,negative
with_poi_tpos_IMG_0257,negative
with_poi_tpos_IMG_0258,negative
with_poi_tpos_IMG_0259,negative
with_poi_tpos_IMG_0260,negative
with_poi_tpos_IMG_0261,negative
with_poi_tpos_IMG_0262,negative
with_poi_tpos_IMG_0263,negative
with_poi_tpos_IMG_0264,positive
with_poi_tpos_IMG_0265,positive
with_poi_tpos_IMG_0267,positive
with_poi_tpos_IMG_0268,negative
with_poi_tpos_IMG_0269,negative
with_poi_tpos_IMG_0271,negative
with_poi_tpos_IMG_1045,positive
with_poi_tpos_IMG_1046,positive
with_poi_tpos_IMG_1047,positive
with_poi_tpos_IMG_1048,positive
with_poi_tpos_IMG_1049,positive
with_poi_tpos_IMG_1050,negative
with_poi_tpos_IMG_1051,positive
with_poi_tpos_IMG_1052,positive
with_poi_tpos_IMG_1053,positive
with_poi_tpos_IMG_1054,negative
with_poi_tpos_IMG_1055,positive
with_poi_tpos_IMG_1056,negative
with_poi_tpos_IMG_1057,negative
with_poi_tpos_IMG_1058,negative
with_poi_tpos_IMG_1059,positive
with_poi_tpos_IMG_1060,positive
with_poi_tpos_IMG_1061,positive
with_poi_tpos_IMG_1062,positive
with_poi_tpos_IMG_1063,positive
with_poi_tpos_IMG_1064,positive
with_poi_tpos_IMG_1065,positive
with_poi_tpos_IMG_1066,positive
with_poi_tpos_IMG_1067,negative
with_poi_tpos_IMG_1068,negative
with_poi_tpos_IMG_1069,positive
with_poi_tpos_IMG_1070,positive
with_poi_tpos_IMG_1071,negative
with_poi_tpos_IMG_1072,negative
with_poi_tpos_IMG_1073,positive
with_poi_tpos_IMG_1074,negative
with_poi_tpos_IMG_1075,negative
with_poi_tpos_IMG_1076,negative
with_poi_tpos_IMG_1077,positive
with_poi_tpos_IMG_1078,positive
with_poi_tpos_IMG_1079,negative
with_poi_tpos_IMG_1080,negative
with_poi_tpos_IMG_1325,positive
with_poi_tpos_IMG_1326,positive
with_poi_tpos_IMG_1327,positive
with_poi_tpos_IMG_1328,positive
with_poi_tpos_IMG_1329,negative
with_poi_tpos_IMG_1330,positive
with_poi_tpos_IMG_1331,positive
with_poi_tpos_IMG_1332,positive
with_poi_tpos_IMG_1333,negative
with_poi_tpos_IMG_1334,positive
with_poi_tpos_IMG_1335,positive
with_poi_tpos_IMG_1336,positive
with_poi_tpos_IMG_1337,positive
with_poi_tpos_IMG_1338,positive
with_poi_tpos_IMG_1339,positive
with_poi_tpos_IMG_1340,positive
with_poi_tpos_IMG_1341,positive
with_poi_tpos_IMG_1342,positive
with_poi_tpos_IMG_1343,positive
with_poi_tpos_IMG_1344,positive
with_poi_tpos_IMG_1345,positive
with_poi_tpos_IMG_1346,positive
with_poi_tpos_IMG_1347,positive
with_poi_tpos_IMG_1348,positive
with_poi_tpos_IMG_1349,positive
with_poi_tpos_IMG_1350,negative
with_poi_tpos_IMG_1351,positive
with_poi_tpos_IMG_1352,positive
with_poi_tpos_IMG_1353,positive
with_poi_tpos_IMG_1354,negative
with_poi_tpos_IMG_1355,positive
with_poi_tpos_IMG_1356,positive
with_poi_tpos_IMG_1357,positive
with_poi_tpos_IMG_1358,positive
with_poi_tpos_IMG_1359,positive
with_poi_tpos_IMG_1360,positive
with_poi_tpos_IMG_1361,positive
with_poi_tpos_IMG_1362,negative
with_poi_tpos_IMG_1363,positive
with_poi_tpos_IMG_1364,positive
with_poi_tpos_IMG_1365,positive
with_poi_tpos_IMG_1366,negative
with_poi_tpos_IMG_1367,negative
with_poi_tpos_IMG_1368,positive
with_poi_tpos_IMG_1369,positive
with_poi_tpos_IMG_1370,positive
with_poi_tpos_IMG_1371,positive
with_poi_tpos_IMG_1372,positive
with_poi_tpos_IMG_1373,positive
with_poi_tpos_IMG_1374,positive
with_poi_tpos_IMG_1375,positive
with_poi_tpos_IMG_1376,positive
with_poi_tpos_IMG_1377,positive
with_poi_tpos_IMG_1378,positive
with_poi_tpos_IMG_1379,negative
with_poi_tpos_IMG_1380,positive
with_poi_tpos_IMG_1381,positive
with_poi_tpos_IMG_1382,positive
with_poi_tpos_IMG_1383,positive
with_poi_tpos_IMG_1384,negative
with_poi_tpos_IMG_1385,positive
with_poi_tpos_IMG_1386,positive
with_poi_tpos_IMG_1387,positive
with_poi_tpos_IMG_1388,positive
with_poi_tpos_IMG_1389,positive
with_poi_tpos_IMG_1390,positive
with_poi_tpos_IMG_1391,positive
with_poi_tpos_IMG_1392,positive
with_poi_tpos_IMG_1475,positive
with_poi_tpos_IMG_1476,negative
with_poi_tpos_IMG_1477,positive
with_poi_tpos_IMG_1478,positive
with_poi_tpos_IMG_1479,negative
with_poi_tpos_IMG_1480,negative
with_poi_tpos_IMG_1481,negative
with_poi_tpos_IMG_1482,negative
with_poi_tpos_IMG_1483,positive
with_poi_tpos_IMG_1484,positive
with_poi_tpos_IMG_1485,negative
with_poi_tpos_IMG_1486,negative
with_poi_tpos_IMG_1487,negative
with_poi_tpos_IMG_1488,negative
with_poi_tpos_IMG_1489,negative
with_poi_tpos_IMG_1490,negative
with_poi_tpos_IMG_1491,negative
with_poi_tpos_IMG_1492,negative
with_poi_tpos_IMG_1493,negative
with_poi_tpos_IMG_1494,negative
with_poi_tpos_IMG_1495,negative
with_poi_tpos_IMG_1496,negative
with_poi_tpos_IMG_1497,positive
with_poi_tpos_IMG_1498,positive
with_poi_tpos_IMG_1499,negative
with_poi_tpos_IMG_1500,negative
with_poi_tpos_IMG_1501,negative
with_poi_tpos_IMG_1502,negative
with_poi_tpos_IMG_1503,positive
with_poi_tpos_IMG_1504,positive
with_poi_tpos_IMG_1505,negative
with_poi_tpos_IMG_1506,negative
with_poi_tpos_IMG_1507,negative
with_poi_tpos_IMG_1508,negative
with_poi_tpos_IMG_1509,negative
with_poi_tpos_IMG_1510,negative
with_poi_tpos_IMG_1511,negative
with_poi_tpos_IMG_1512,negative
with_poi_tpos_IMG_1513,negative
with_poi_tpos_IMG_1514,negative
with_poi_tpos_IMG_1515,negative
with_poi_tpos_IMG_1516,negative
with_poi_tpos_IMG_1517,negative
with_poi_tpos_IMG_1518,negative
with_poi_tpos_IMG_1519,positive
with_poi_tpos_IMG_1520,positive
with_poi_tpos_IMG_1521,negative
with_poi_tpos_IMG_1522,negative
with_poi_tpos_IMG_1523,negative
with_poi_tpos_IMG_1524,negative
with_poi_tpos_IMG_1525,negative
with_poi_tpos_IMG_1526,negative
with_poi_tpos_IMG_1527,negative
with_poi_tpos_IMG_1528,negative
with_poi_tpos_IMG_1529,positive
with_poi_tpos_IMG_1530,positive
with_poi_tpos_IMG_1531,negative
with_poi_tpos_IMG_1532,negative
with_poi_tpos_IMG_1533,negative
with_poi_tpos_IMG_1534,negative
with_poi_tpos_IMG_1535,negative
with_poi_tpos_IMG_1536,negative
with_poi_tpos_IMG_1537,negative
with_poi_tpos_IMG_1538,negative
with_poi_tpos_IMG_1539,negative
with_poi_tpos_IMG_1540,negative
with_poi_tpos_IMG_1541,negative
with_poi_tpos_IMG_1542,negative
with_poi_tpos_IMG_1543,negative
with_poi_tpos_IMG_1544,negative
with_poi_tpos_IMG_1545,positive
with_poi_tpos_IMG_1546,positive
with_poi_tpos_IMG_1547,negative
with_poi_tpos_IMG_1548,negative
with_poi_tpos_IMG_1549,positive
with_poi_tpos_IMG_1550,negative
with_poi_tpos_IMG_1551,positive
with_poi_tpos_IMG_1552,negative
with_poi_tpos_IMG_1553,negative
with_poi_tpos_IMG_1554,negative
with_poi_tpos_IMG_1555,positive
with_poi_tpos_IMG_1556,negative
with_poi_tpos_IMG_1557,negative
with_poi_tpos_IMG_1558,negative
with_poi_tpos_IMG_1559,negative
with_poi_tpos_IMG_1560,negative
with_poi_tpos_IMG_1561,negative
with_poi_tpos_IMG_1562,negative
with_poi_tpos_IMG_1563,negative
with_poi_tpos_IMG_1564,negative
with_poi_tpos_IMG_1565,negative
with_poi_tpos_IMG_1566,negative
with_poi_tpos_IMG_1567,negative
with_poi_tpos_IMG_1568,negative
with_poi_tpos_IMG_1569,negative
with_poi_tpos_IMG_1570,negative
with_poi_tpos_IMG_1571,negative
with_poi_tpos_IMG_1572,negative
with_poi_tpos_IMG_1573,negative
with_poi_tpos_IMG_1574,negative
with_poi_tpos_IMG_1575,positive
with_poi_tpos_IMG_1576,negative
with_poi_tpos_IMG_1577,negative
with_poi_tpos_IMG_1578,negative
with_poi_tpos_IMG_1579,negative
with_poi_tpos_IMG_1580,negative
with_poi_tpos_IMG_1581,negative
with_poi_tpos_IMG_1582,negative
with_poi_tpos_IMG_1583,negative
with_poi_tpos_IMG_1584,negative
with_poi_tpos_IMG_1585,negative
with_poi_tpos_IMG_1586,negative
with_poi_tpos_IMG_1587,negative
with_poi_tpos_IMG_1588,negative
with_poi_tpos_IMG_1589,negative
with_poi_tpos_IMG_1590,negative
with_poi_tpos_IMG_1591,negative
with_poi_tpos_IMG_1592,negative
with_poi_tpos_IMG_1593,negative
with_poi_tpos_IMG_1594,negative
with_poi_tpos_IMG_1595,negative
with_poi_tpos_IMG_1596,negative
with_poi_tpos_IMG_1597,positive
with_poi_tpos_IMG_1598,negative
with_poi_tpos_IMG_1599,negative
with_poi_tpos_IMG_1600,negative
with_poi_tpos_IMG_1601,negative
with_poi_tpos_IMG_1602,negative
with_poi_tpos_IMG_1603,negative
with_poi_tpos_IMG_1604,negative
with_poi_tpos_IMG_1605,negative
with_poi_tpos_IMG_1606,negative
with_poi_tpos_IMG_1607,negative
with_poi_tpos_IMG_1608,negative
with_poi_tpos_IMG_1609,negative
with_poi_tpos_IMG_1610,positive
with_poi_tpos_IMG_1611,negative
with_poi_tpos_IMG_1612,positive
with_poi_tpos_IMG_1613,negative
with_poi_tpos_IMG_1614,negative
with_poi_tpos_IMG_1615,negative
with_poi_tpos_IMG_1616,negative
with_poi_tpos_IMG_1617,negative
with_poi_tpos_IMG_1618,negative
with_poi_tpos_IMG_1619,negative
with_poi_tpos_IMG_1620,positive
with_poi_tpos_IMG_1621,positive
with_poi_tpos_IMG_1622,negative
with_poi_tpos_IMG_1623,negative
with_poi_tpos_IMG_1624,negative
with_poi_tpos_IMG_1625,negative
with_poi_tpos_IMG_1626,negative
with_poi_tpos_IMG_1627,negative
with_poi_tpos_IMG_1628,negative
with_poi_tpos_IMG_1629,negative
with_poi_tpos_IMG_1630,negative
with_poi_tpos_IMG_1631,negative
with_poi_tpos_IMG_1632,positive
with_poi_tpos_IMG_1633,negative
with_poi_tpos_IMG_1634,negative
with_poi_tpos_IMG_4689,negative
with_poi_tpos_IMG_4690,negative
with_poi_tpos_IMG_4691,negative
with_poi_tpos_IMG_4692,negative
with_poi_tpos_IMG_4693,negative
with_poi_tpos_IMG_4694,negative
with_poi_tpos_IMG_4695,negative
with_poi_tpos_IMG_4696,negative
with_poi_tpos_IMG_4697,negative
with_poi_tpos_IMG_4698,negative
with_poi_tpos_IMG_4699,negative
with_poi_tpos_IMG_4700,negative
with_poi_tpos_IMG_4701,negative
with_poi_tpos_IMG_4702,negative
with_poi_tpos_IMG_4703,negative
with_poi_tpos_IMG_4704,negative
with_poi_tpos_IMG_4705,negative
with_poi_tpos_IMG_4706,negative
with_poi_tpos_IMG_4707,negative
with_poi_tpos_IMG_4708,negative
with_poi_tpos_IMG_4709,negative
with_poi_tpos_IMG_4710,negative
with_poi_tpos_IMG_4711,negative
with_poi_tpos_IMG_4712,negative
with_poi_tpos_IMG_4713,negative
with_poi_tpos_IMG_4714,negative
with_poi_tpos_IMG_4715,negative
with_poi_tpos_IMG_4716,negative
with_poi_tpos_IMG_4717,negative
with_poi_tpos_IMG_4718,negative
with_poi_tpos_IMG_4719,negative
with_poi_tpos_IMG_4720,negative
with_poi_tpos_IMG_4721,negative
with_poi_tpos_IMG_4722,negative
with_poi_tpos_IMG_4723,negative
with_poi_tpos_IMG_4724,negative
with_poi_tpos_IMG_4725,negative
with_poi_tpos_IMG_4726,negative
with_poi_tpos_IMG_4727,negative
with_poi_tpos_IMG_4728,negative
with_poi_tpos_IMG_4729,negative
with_poi_tpos_IMG_4730,negative
with_poi_tpos_IMG_4731,negative
with_poi_tpos_IMG_4732,negative
with_poi_tpos_IMG_4733,negative
with_poi_tpos_IMG_4734,negative
with_poi_tpos_IMG_4735,negative
with_poi_tpos_IMG_4736,negative
with_poi_tpos_IMG_4737,negative
with_poi_tpos_IMG_4738,negative
with_poi_tpos_IMG_4739,negative
with_poi_tpos_IMG_4740,negative
with_poi_tpos_IMG_4741,negative
with_poi_tpos_IMG_4742,negative
with_poi_tpos_IMG_4743,negative
with_poi_tpos_IMG_4744,negative
with_poi_tpos_IMG_4745,negative
with_poi_tpos_IMG_4746,negative
with_poi_tpos_IMG_4747,negative
with_poi_tpos_IMG_4748,negative
with_poi_tpos_IMG_4749,negative
with_poi_tpos_IMG_4750,negative
with_poi_tpos_IMG_4751,negative
with_poi_tpos_IMG_4752,negative
with_poi_tpos_IMG_4753,negative
with_poi_tpos_IMG_4754,negative
with_poi_tpos_IMG_4755,negative
with_poi_tpos_IMG_4756,negative
with_poi_tpos_IMG_4757,negative
with_poi_tpos_IMG_4758,negative
with_poi_tpos_IMG_4759,negative
with_poi_tpos_IMG_4760,negative
with_poi_tpos_IMG_4761,negative
with_poi_tpos_IMG_4762,negative
with_poi_tpos_IMG_4763,negative
with_poi_tpos_IMG_4764,negative
with_poi_tpos_IMG_4765,negative
with_poi_tpos_IMG_4766,negative
with_poi_tpos_IMG_4767,negative
with_poi_tpos_IMG_4768,negative
with_poi_tpos_IMG_4769,negative
with_poi_tpos_IMG_4770,negative
with_poi_tpos_IMG_4771,negative
with_poi_tpos_IMG_4772,negative
with_poi_tpos_IMG_4773,negative
with_poi_tpos_IMG_4774,negative
with_poi_tpos_IMG_4775,negative
with_poi_tpos_IMG_4776,negative
with_poi_tpos_IMG_4777,negative
with_poi_tpos_IMG_4778,negative
with_poi_tpos_IMG_4779,negative
with_poi_tpos_IMG_4780,negative
with_poi_tpos_IMG_4781,negative
with_poi_tpos_IMG_4782,negative
with_poi_tpos_IMG_4783,negative
with_poi_tpos_IMG_4784,negative
with_poi_tpos_IMG_4785,negative
with_poi_tpos_IMG_4786,negative
with_poi_tpos_IMG_4787,negative
with_poi_tpos_IMG_4789,negative
with_poi_tpos_IMG_5739,positive
with_poi_tpos_IMG_5740,positive
with_poi_tpos_IMG_5741,positive
with_poi_tpos_IMG_5742,positive
with_poi_tpos_IMG_5743,positive
with_poi_tpos_IMG_5744,positive
with_poi_tpos_IMG_5745,positive
with_poi_tpos_IMG_5746,positive
with_poi_tpos_IMG_5747,positive
with_poi_tpos_IMG_5748,positive
with_poi_tpos_IMG_5749,positive
with_poi_tpos_IMG_5750,positive
with_poi_tpos_IMG_5751,positive
with_poi_tpos_IMG_5752,positive
with_poi_tpos_IMG_5753,positive
with_poi_tpos_IMG_5754,positive
with_poi_tpos_IMG_5755,positive
with_poi_tpos_IMG_5756,positive
with_poi_tpos_IMG_5757,positive
with_poi_tpos_IMG_5758,positive
with_poi_tpos_IMG_5759,positive
with_poi_tpos_IMG_5760,positive
with_poi_tpos_IMG_5761,positive
with_poi_tpos_IMG_5762,positive
with_poi_tpos_IMG_5763,positive
with_poi_tpos_IMG_5764,positive
with_poi_tpos_IMG_5765,positive
with_poi_tpos_IMG_5766,positive
with_poi_tpos_IMG_5767,positive
with_poi_tpos_IMG_5768,positive
with_poi_tpos_IMG_5769,positive
with_poi_tpos_IMG_5770,positive
with_poi_tpos_IMG_5771,positive
with_poi_tpos_IMG_5772,positive
with_poi_tpos_IMG_5773,positive
with_poi_tpos_IMG_5774,positive
with_poi_tpos_IMG_5775,positive
with_poi_tpos_IMG_5776,positive
with_poi_tpos_IMG_5777,positive
with_poi_tpos_IMG_5778,positive
with_poi_tpos_IMG_5779,positive
with_poi_tpos_IMG_5780,positive
with_poi_tpos_IMG_5781,positive
with_poi_tpos_IMG_5782,positive
with_poi_tpos_IMG_5783,positive
with_poi_tpos_IMG_5784,positive
with_poi_tpos_IMG_5785,positive
with_poi_tpos_IMG_5786,positive
with_poi_tpos_IMG_5787,positive
with_poi_tpos_IMG_5788,positive
with_poi_tpos_IMG_5789,positive
with_poi_tpos_IMG_5790,positive
with_poi_tpos_IMG_5791,positive
with_poi_tpos_IMG_5792,positive
with_poi_tpos_IMG_5793,positive
with_poi_tpos_IMG_5794,positive
with_poi_tpos_IMG_5795,positive
with_poi_tpos_IMG_5796,positive
with_poi_tpos_IMG_5797,positive
with_poi_tpos_IMG_5798,positive
with_poi_tpos_IMG_5799,positive
with_poi_tpos_IMG_5800,positive
with_poi_tpos_IMG_5801,positive
with_poi_tpos_IMG_5802,positive
with_poi_tpos_IMG_5803,positive
with_poi_tpos_IMG_5804,positive
with_poi_tpos_IMG_5805,positive
with_poi_tpos_IMG_5806,positive
with_poi_tpos_IMG_5807,positive
with_poi_tpos_IMG_5808,positive
with_poi_tpos_IMG_5809,positive
with_poi_tpos_IMG_5810,positive
with_poi_tpos_IMG_5811,positive
with_poi_tpos_IMG_5812,positive
with_poi_tpos_IMG_5813,positive
with_poi_tpos_IMG_5814,positive
with_poi_tpos_IMG_5815,positive
with_poi_tpos_IMG_5816,positive
with_poi_tpos_IMG_5817,positive
with_poi_tpos_IMG_5818,positive
with_poi_tpos_IMG_5819,positive
with_poi_tpos_IMG_5820,positive
with_poi_tpos_IMG_5821,positive
with_poi_tpos_IMG_5822,positive
with_poi_tpos_IMG_5823,positive
with_poi_tpos_IMG_5824,positive
with_poi_tpos_IMG_5825,positive
with_poi_tpos_IMG_5826,positive
with_poi_tpos_IMG_5827,positive
with_poi_tpos_IMG_5828,positive
with_poi_tpos_IMG_5829,positive
with_poi_tpos_IMG_5830,positive
with_poi_tpos_IMG_5831,positive
with_poi_tpos_IMG_5832,positive
with_poi_tpos_IMG_5833,positive
with_poi_tpos_IMG_5834,positive
with_poi_tpos_IMG_5835,positive
with_poi_tpos_IMG_5836,positive
with_poi_tpos_IMG_5837,positive
with_poi_tpos_IMG_5838,positive
with_poi_tpos_IMG_5839,positive
with_poi_tpos_IMG_6761,negative
with_poi_tpos_IMG_6762,negative
with_poi_tpos_IMG_6763,negative
with_poi_tpos_IMG_6764,negative
with_poi_tpos_IMG_6765,negative
with_poi_tpos_IMG_6766,negative
with_poi_tpos_IMG_6767,negative
with_poi_tpos_IMG_6768,negative
with_poi_tpos_IMG_6769,negative
with_poi_tpos_IMG_6770,negative
with_poi_tpos_IMG_6771,negative
with_poi_tpos_IMG_6772,negative
with_poi_tpos_IMG_6773,negative
with_poi_tpos_IMG_6774,negative
with_poi_tpos_IMG_6775,negative
with_poi_tpos_IMG_6776,negative
with_poi_tpos_IMG_6777,negative
with_poi_tpos_IMG_6778,negative
with_poi_tpos_IMG_6779,negative
with_poi_tpos_IMG_6780,negative
with_poi_tpos_IMG_6781,negative
with_poi_tpos_IMG_6782,negative
with_poi_tpos_IMG_6783,negative
with_poi_tpos_IMG_6784,negative
with_poi_tpos_IMG_6785,negative
with_poi_tpos_IMG_6786,negative
with_poi_tpos_IMG_6787,negative
with_poi_tpos_IMG_6788,negative
with_poi_tpos_IMG_6789,negative
with_poi_tpos_IMG_6790,negative
with_poi_tpos_IMG_6791,negative
with_poi_tpos_IMG_6792,negative
with_poi_tpos_IMG_6793,negative
with_poi_tpos_IMG_6794,negative
with_poi_tpos_IMG_6795,negative
with_poi_tpos_IMG_6796,negative
with_poi_tpos_IMG_6797,negative
with_poi_tpos_IMG_6798,negative
with_poi_tpos_IMG_6799,negative
with_poi_tpos_IMG_6800,negative
with_poi_tpos_IMG_6801,negative
with_poi_tpos_IMG_6802,negative
with_poi_tpos_IMG_6803,negative
with_poi_tpos_IMG_6804,negative
with_poi_tpos_IMG_6805,negative
with_poi_tpos_IMG_6806,negative
with_poi_tpos_IMG_6807,negative
with_poi_tpos_IMG_6808,negative
with_poi_tpos_IMG_6809,negative
with_poi_tpos_IMG_6810,negative
with_poi_tpos_IMG_6811,negative
with_poi_tpos_IMG_6812,negative
with_poi_tpos_IMG_6813,negative
with_poi_tpos_IMG_6814,negative
with_poi_tpos_IMG_6815,negative
with_poi_tpos_IMG_6816,negative
with_poi_tpos_IMG_6817,negative
with_poi_tpos_IMG_6818,negative
with_poi_tpos_IMG_6819,negative
with_poi_tpos_IMG_6820,negative
with_poi_tpos_IMG_6821,negative
with_poi_tpos_IMG_6822,negative
with_poi_tpos_IMG_6823,negative
with_poi_tpos_IMG_6824,negative
with_poi_tpos_IMG_6825,negative
with_poi_tpos_IMG_6826,negative
with_poi_tpos_IMG_6827,negative
with_poi_tpos_IMG_6828,negative
with_poi_tpos_IMG_6829,negative
with_poi_tpos_IMG_6830,negative
with_poi_tpos_IMG_6831,negative
with_poi_tpos_IMG_6832,negative
with_poi_tpos_IMG_6833,negative
with_poi_tpos_IMG_6834,negative
with_poi_tpos_IMG_6835,negative
with_poi_tpos_IMG_6836,negative
with_poi_tpos_IMG_6837,negative
with_poi_tpos_IMG_6838,negative
with_poi_tpos_IMG_6839,negative
with_poi_tpos_IMG_6840,negative
with_poi_tpos_IMG_6841,negative
with_poi_tpos_IMG_6842,negative
with_poi_tpos_IMG_6843,negative
with_poi_tpos_IMG_6844,negative
with_poi_tpos_IMG_6845,negative
with_poi_tpos_IMG_6846,negative
with_poi_tpos_IMG_6847,negative
with_poi_tpos_IMG_6848,negative
with_poi_tpos_IMG_6849,negative
with_poi_tpos_IMG_6850,negative
with_poi_tpos_IMG_6851,negative
with_poi_tpos_IMG_6852,negative
with_poi_tpos_IMG_6853,negative
with_poi_tpos_IMG_6854,negative
with_poi_tpos_IMG_6855,negative
with_poi_tpos_IMG_6856,negative
with_poi_tpos_IMG_6857,negative
with_poi_tpos_IMG_6858,negative
with_poi_tpos_IMG_6859,negative
with_poi_tpos_IMG_6860,negative
with_poi_tpos_IMG_6861,negative
with_poi_tpos_IMG_6862,negative
with_poi_tpos_IMG_6863,negative
with_poi_tpos_IMG_6864,negative
with_poi_tpos_IMG_6865,negative
with_poi_tpos_IMG_6866,negative
with_poi_tpos_IMG_6867,negative
with_poi_tpos_IMG_6868,negative
with_poi_tpos_IMG_6869,negative
with_poi_tpos_IMG_6870,negative
with_poi_tpos_IMG_6871,negative
with_poi_tpos_IMG_6872,negative
with_poi_tpos_IMG_6873,negative
with_poi_tpos_IMG_6874,negative
with_poi_tpos_IMG_6875,negative
with_poi_tpos_IMG_6876,negative
with_poi_tpos_IMG_6877,negative
with_poi_tpos_IMG_6878,negative
with_poi_tpos_IMG_6879,negative
with_poi_tpos_IMG_6880,negative
with_poi_tpos_IMG_6881,negative
with_poi_tpos_IMG_6882,negative
with_poi_tpos_IMG_6883,negative
with_poi_tpos_IMG_6884,negative
with_poi_tpos_IMG_6885,negative
with_poi_tpos_IMG_6886,negative
with_poi_tpos_IMG_6887,negative
with_poi_tpos_IMG_6888,negative
with_poi_tpos_IMG_6889,negative
with_poi_tpos_IMG_6890,negative
with_poi_tpos_IMG_6891,negative
with_poi_tpos_IMG_6892,negative
with_poi_tpos_IMG_6893,negative
with_poi_tpos_IMG_6894,negative
with_poi_tpos_IMG_6895,negative
with_poi_tpos_IMG_6896,negative
with_poi_tpos_IMG_6897,negative
with_poi_tpos_IMG_6898,negative
with_poi_tpos_IMG_6899,negative
with_poi_tpos_IMG_6900,negative
with_poi_tpos_IMG_6901,negative
with_poi_tpos_IMG_6902,negative
with_poi_tpos_IMG_6903,negative
with_poi_tpos_IMG_6904,negative
with_poi_tpos_IMG_6905,negative
with_poi_tpos_IMG_6906,negative
with_poi_tpos_IMG_6907,negative
with_poi_tpos_IMG_6908,negative
with_poi_tpos_IMG_6909,negative
with_poi_tpos_IMG_6910,negative
with_poi_tpos_IMG_6911,negative
with_poi_tpos_IMG_6912,negative
with_poi_tpos_IMG_6913,negative
with_poi_tpos_IMG_6914,negative
with_poi_tpos_IMG_6915,negative
with_poi_tpos_IMG_6916,negative
with_poi_tpos_IMG_6917,negative
with_poi_tpos_IMG_6918,negative
with_poi_tpos_IMG_6919,negative
with_poi_tpos_IMG_6920,negative
with_poi_tpos_IMG_6921,negative
with_poi_tpos_SH00065_08162cd3222a484592dbb02f48d05386,positive
with_poi_tpos_SH00065_195709d934b744a68970e0882b44acdc,negative
with_poi_tpos_SH00065_26408a0af44647339a9162155dbed90c,negative
with_poi_tpos_SH00065_2e86d3db0f7f4e53a0dc44ba540c5e4d,negative
with_poi_tpos_SH00065_3320d1f03d3542649bc67cbc3215cb28,negative
with_poi_tpos_SH00065_3511264f8ec94ad79867ab0f9ca3164d,negative
with_poi_tpos_SH00065_3d75b83410194561971f8ebc8697828d,negative
with_poi_tpos_SH00065_3ea4ad6ef5b54b4ab5773fdcbcb0dc2a,negative
with_poi_tpos_SH00065_41bbed5ae8db42b599eacebb3c79eebf,negative
with_poi_tpos_SH00065_4e386288564840a1aa3886f4803f2d1e,negative
with_poi_tpos_SH00065_4f19b19ac71b4ee7acb5ebcd589ae555,negative
with_poi_tpos_SH00065_560729cbf9504b20accb3ce1bb9da69d,negative
with_poi_tpos_SH00065_58de204f79894795ac3597ae26a23591,negative
with_poi_tpos_SH00065_592bea839cd64d88852fb9e960bdc00d,negative
with_poi_tpos_SH00065_5937e1e4c04641d19a91a2fab7e95055,negative
with_poi_tpos_SH00065_61dc0274c45f4d74a5652697e706879d,negative
with_poi_tpos_SH00065_63c359fdba05470687792694a834d22d,negative
with_poi_tpos_SH00065_660ef8a44e584a389a105ee704feb814,negative
with_poi_tpos_SH00065_664b96c6108a4d8f8770ac431789e1f0,negative
with_poi_tpos_SH00065_693abbaeaece4937b3f0ccf9936bca4d,negative
with_poi_tpos_SH00065_6a0b946c3baf491980b0c1a0dfca68a3,negative
with_poi_tpos_SH00065_6b3ba77e297848d1bfd91068f83c684f,negative
with_poi_tpos_SH00065_6ca235ef4f6f46da9931d2aed762f09e,invalid
with_poi_tpos_SH00065_6d1c998c07474be1b64c46d3d1ee3d33,negative
with_poi_tpos_SH00065_6fd1f3b240e74629b76eadb830ecfaf3,negative
with_poi_tpos_SH00065_725f94f5fccb41fb86e95e1cd654781d,negative
with_poi_tpos_SH00065_7ccef791a27943b7a219858948ce025b,negative
with_poi_tpos_SH00065_8b8fc623f4254b2fb6b3830cac555aa5,invalid
with_poi_tpos_SH00065_94cdbe9adc3a49e5be15441c0d3f0a72,negative
with_poi_tpos_SH00065_IMG-1542,negative
with_poi_tpos_SH00065_b471ad4eb9ec4f05b4550bedbe95d863,negative
with_poi_tpos_SH00065_b730c59d915e47bbbba344d6f32f8e8a,invalid
with_poi_tpos_SH00065_b9ead327d4a04d8ca166f2f7b251f836alt,negative
with_poi_tpos_SH00065_bb0d24f7b2384597a48ac23df8284a26,negative
with_poi_tpos_SH00065_c018b811b6de4d42bac97a79c71fbbbb,negative
with_poi_tpos_SH00065_cb8f07dbc53f43599faaffdc034bbb8a,negative
with_poi_tpos_SH00065_d9c2188cd5bd470a824a85f540f3abed,negative
with_poi_tpos_SH00065_deb5c0f8ed7b4523a384125b635ce730,negative
with_poi_tpos_SH00065_e03fbb3d94c145bdb9e43c1834d1bb0a,negative
with_poi_tpos_SH00065_e6e14e565ffc4a99aca34b3b7d8981f0,negative
with_poi_tpos_SH00065_e7a1e9b153dc4b859a63b69e2ba802bd,negative
with_poi_tpos_SH00065_e994c6facadd48f0bf0c45033ae41a87,negative
with_poi_tpos_SH00065_f5599babb5954ce8a8c84657efa5795d,negative
with_poi_tpos_SH00065_f56a36308d0e4d779e83976261473468,negative
